-- phpMyAdmin SQL Dump
-- version 4.9.1
-- https://www.phpmyadmin.net/
--
-- Host: 127.0.0.1
-- Generation Time: Mar 15, 2021 at 02:38 PM
-- Server version: 10.4.8-MariaDB
-- PHP Version: 7.3.10

SET SQL_MODE = "NO_AUTO_VALUE_ON_ZERO";
SET AUTOCOMMIT = 0;
START TRANSACTION;
SET time_zone = "+00:00";


/*!40101 SET @OLD_CHARACTER_SET_CLIENT=@@CHARACTER_SET_CLIENT */;
/*!40101 SET @OLD_CHARACTER_SET_RESULTS=@@CHARACTER_SET_RESULTS */;
/*!40101 SET @OLD_COLLATION_CONNECTION=@@COLLATION_CONNECTION */;
/*!40101 SET NAMES utf8mb4 */;

--
-- Database: `blueshop`
--

-- --------------------------------------------------------

--
-- Table structure for table `item`
--

CREATE TABLE `item` (
  `tid` int(11) NOT NULL,
  `ord_id` int(11) NOT NULL,
  `pid` int(11) NOT NULL,
  `quantity` int(11) NOT NULL
) ENGINE=MyISAM DEFAULT CHARSET=utf8;

--
-- Dumping data for table `item`
--

INSERT INTO `item` (`tid`, `ord_id`, `pid`, `quantity`) VALUES
(1, 1, 2, 2),
(2, 1, 3, 5),
(3, 1, 4, 1),
(4, 2, 1, 2),
(5, 2, 3, 4),
(6, 2, 4, 3),
(7, 3, 2, 3),
(8, 3, 4, 5),
(9, 4, 1, 5),
(10, 4, 3, 1);

-- --------------------------------------------------------

--
-- Table structure for table `member`
--

CREATE TABLE `member` (
  `username` varchar(15) NOT NULL,
  `password` varchar(15) NOT NULL,
  `name` varchar(100) NOT NULL,
  `address` varchar(255) NOT NULL,
  `mobile` varchar(30) NOT NULL,
  `email` varchar(30) DEFAULT NULL
) ENGINE=MyISAM DEFAULT CHARSET=utf8;

--
-- Dumping data for table `member`
--

INSERT INTO `member` (`username`, `password`, `name`, `address`, `mobile`, `email`) VALUES
('admin', '1234', 'Alen', 'Walker', '', 'AlenWalker@github.com'),
('user', '1234', 'ไก่จ๊วบ', 'แซ่เจี๊ยบ', '08-888-8888', 'kaai@github.com'),
('tester', '1234', 'บร๊เจ้า', 'โจ๊ก', '', 'Joke@github.com');

-- --------------------------------------------------------

--
-- Table structure for table `orders`
--

CREATE TABLE `orders` (
  `ord_id` int(11) NOT NULL,
  `username` varchar(15) NOT NULL,
  `ord_date` datetime NOT NULL,
  `status` enum('wait','pay','send','cancel') NOT NULL
) ENGINE=MyISAM DEFAULT CHARSET=utf8;

--
-- Dumping data for table `orders`
--

INSERT INTO `orders` (`ord_id`, `username`, `ord_date`, `status`) VALUES
(1, 'baramee', '2013-07-16 23:25:14', 'wait'),
(2, 'metasit', '2013-02-12 23:25:40', 'pay'),
(3, 'baramee', '2013-12-27 23:26:44', 'send'),
(4, 'metasit', '2013-12-11 23:27:11', 'pay');

-- --------------------------------------------------------

--
-- Table structure for table `product`
--

CREATE TABLE `product` (
  `pid` int(13) NOT NULL,
  `pname` varchar(255) NOT NULL,
  `pdetail` text NOT NULL,
  `price` int(4) NOT NULL
) ENGINE=MyISAM DEFAULT CHARSET=utf8;

--
-- Dumping data for table `product`
--

INSERT INTO `product` (`pid`, `pname`, `pdetail`, `price`) VALUES
(1, 'Centrum', 'วิตามินรวมจาก A ถึง Zinc', 350),
(2, 'Caltrate', 'บำรุงกระดูก เสริมวิตามินดี', 760),
(3, 'Ester-C', 'วิตามินซี 500 mg ไม่กัดกระเพาะ', 500),
(4, 'Glucosamine', 'บำรุงข้อต่อ ป้องกันข้อเสื่อม', 1200);

--
-- Indexes for dumped tables
--

--
-- Indexes for table `item`
--
ALTER TABLE `item`
  ADD PRIMARY KEY (`tid`);

--
-- Indexes for table `member`
--
ALTER TABLE `member`
  ADD PRIMARY KEY (`username`);

--
-- Indexes for table `orders`
--
ALTER TABLE `orders`
  ADD PRIMARY KEY (`ord_id`);

--
-- Indexes for table `product`
--
ALTER TABLE `product`
  ADD PRIMARY KEY (`pid`);

--
-- AUTO_INCREMENT for dumped tables
--

--
-- AUTO_INCREMENT for table `item`
--
ALTER TABLE `item`
  MODIFY `tid` int(11) NOT NULL AUTO_INCREMENT, AUTO_INCREMENT=47;

--
-- AUTO_INCREMENT for table `orders`
--
ALTER TABLE `orders`
  MODIFY `ord_id` int(11) NOT NULL AUTO_INCREMENT, AUTO_INCREMENT=6;

--
-- AUTO_INCREMENT for table `product`
--
ALTER TABLE `product`
  MODIFY `pid` int(13) NOT NULL AUTO_INCREMENT, AUTO_INCREMENT=17;
COMMIT;

/*!40101 SET CHARACTER_SET_CLIENT=@OLD_CHARACTER_SET_CLIENT */;
/*!40101 SET CHARACTER_SET_RESULTS=@OLD_CHARACTER_SET_RESULTS */;
/*!40101 SET COLLATION_CONNECTION=@OLD_COLLATION_CONNECTION */;
